first,last,Email, phone, Street, City, State, ZIP
Glen,Morton,vu@bojuw.tm,(217) 667-1520,Wesov Grove,Genobjil,NJ,27236
Lee,Hayes,hewarwek@od.kw,(505) 464-8368,Wutu View,Locefzo,LA,63142
Christina,Paul,nuzwup@otara.mh,(541) 644-3579,Guzih Glen,Gaemubuk,OR,79819
Edward,Anderson,to@ca.td,(533) 557-1435,Uzeem Highway,Veohhik,FL,80451
Ina,Rogers,bipgedju@cacu.ao,(515) 647-4201,Guopa Pike,Hiswucfaz,NY,11762
Caroline,Gibbs,ojfajba@maguvgu.ck,(525) 458-2080,Vear Court,Ceguubu,FL,65747
Emily,Gonzales,moh@hu.aw,(702) 220-9855,Fibib Parkway,Ulnaife,NJ,56500
Ophelia,Baldwin,lihji@kaher.gm,(250) 479-5971,Kegug Street,Aneikuba,OK,41313
Jayden,Meyer,tosso@tefci.ck,(378) 836-9269,Hizet Key,Cumwuvu,OH,60988
Jerome,Burgess,wavakuz@vebhoz.pk,(453) 234-6042,Luhor Heights,Togudod,OR,79525
